processor,0.0,0.118
ram,0.027529411764705886,0.10123529411764706
storage,0.027363636363636364,0.044636363636363634
memory,0.0,0.409
battery,0.05374545454545457,0.10681818181818184
screen,0.018044444444444443,0.13099999999999998
camera,0.02297752808988764,0.10066292134831456
display,0.03968000000000001,0.13632
