processor,0.0,0.096
ram,0.03330769230769231,0.09546153846153847
storage,0.052,0.08616666666666667
memory,0.0,0.036
battery,0.04741666666666667,0.08591666666666666
screen,0.040108108108108116,0.08867567567567569
camera,0.01689473684210526,0.09726315789473684
display,0.037,0.09261538461538463
